-- VECTOR app: seed data
-- Transcribed verbatim from app1.html initDB() (the current hardcoded default
-- shown in every browser that has never touched localStorage). This is the
-- only "real" shared dataset that exists today, since each browser's
-- localStorage is private to that browser. Run after schema.sql.

BEGIN;

-- ── Students ──────────────────────────────────────────────────────────────
INSERT INTO students (id, name, dob, gender) VALUES
('ST-001','Анастасія Д.','2018-03-15','Дівчинка'),
('ST-002','Анна К.','2018-05-10','Дівчинка'),
('ST-003','Аріна І.','2018-07-22','Дівчинка'),
('ST-004','Дар''я Г.','2018-01-10','Дівчинка'),
('ST-005','Єва Б.','2018-09-05','Дівчинка'),
('ST-006','Іван С.','2018-11-15','Хлопчик'),
('ST-007','Іван Ц.','2018-04-20','Хлопчик'),
('ST-008','Корній С.','2018-06-12','Хлопчик'),
('ST-009','Кіра Я.','2018-02-28','Дівчинка'),
('ST-010','Максим Д.','2018-08-17','Хлопчик'),
('ST-011','Марія Л.','2018-10-03','Дівчинка'),
('ST-012','Олександр Н.','2018-12-25','Хлопчик'),
('ST-013','Оскар К.','2018-03-08','Хлопчик'),
('ST-014','Поліна Р.','2018-05-30','Дівчинка'),
('ST-015','Роман Л.','2018-07-14','Хлопчик'),
('ST-016','Руслана А.','2018-09-19','Дівчинка'),
('ST-017','Софія Н.','2018-01-25','Дівчинка'),
('ST-018','Тарас Т.','2018-11-11','Хлопчик'),
('ST-019','Тимофій А.','2018-04-07','Хлопчик'),
('ST-020','Ян О.','2018-06-30','Хлопчик');

-- ── Skills: М'які навички (12) ────────────────────────────────────────────
INSERT INTO skills (type, code, name, sort_order) VALUES
('M','1',   'Вміння слухати та чути (не викрикувати, не перебивати, дослухати до кінця)', 1),
('M','2.2', 'Впевненість, розкутість під час спілкування', 2),
('M','3',   'Сумніватися або придумувати ще один варіант «як може бути»', 3),
('M','6.1', 'Вміння робити вибір / обирати', 4),
('M','6.2', 'Навички організованості та самостійності', 5),
('M','6.3', 'Оригінальність у висловах та діях', 6),
('M','8.1', 'Здатність виявляти співчуття, жаліти, надавати допомогу', 7),
('M','9.1', 'Орієнтування на площині', 8),
('M','11.1','Прагнення бути частиною групи, приймати спільні рішення', 9),
('M','11.2','Вміння поступатися', 10),
('M','12.1','Вміння розказати, що робила разом з іншими дітьми та дорослими', 11),
('M','13',  'Самопрезентація (говорю від себе про результати своїх дій та досягнень)', 12);

-- ── Skills: Тверді навички (12) ───────────────────────────────────────────
INSERT INTO skills (type, code, name, sort_order) VALUES
('T','2.1', 'Макетування / моделювання простору', 1),
('T','2.3', 'Вміння наводити лад (класти речі на місце)', 2),
('T','4',   'Лічба (кількісна, порядкова)', 3),
('T','5',   'Класифікація предметів', 4),
('T','6.4', 'Вміння малювати графічними матеріалами', 5),
('T','7',   'Вміння самостійно одягатися / роздягатися', 6),
('T','8.2', 'Вміння утворити пару, трійку, четвірку', 7),
('T','8.3', 'Вміння утворити коло', 8),
('T','9.2', 'Вміння розв''язувати прості логічні завдання', 9),
('T','10.1','Класифікація предметів (2)', 10),
('T','10.2','Вирізування по контуру за схемою', 11),
('T','12.2','Вміння керувати своїми емоціями та поведінкою', 12);

-- ── Recommendations ───────────────────────────────────────────────────────
INSERT INTO recommendations (type, text, sort_order) VALUES
('M', 'Стимулюйте дитину до висловлювань в колі однолітків', 1),
('M', 'Практикуйте рольові ігри для розвитку комунікативних навичок', 2),
('M', 'Заохочуйте ініціативу та прояв власної думки', 3),
('T', 'Використовуйте дидактичні ігри для тренування класифікації', 1),
('T', 'Включайте завдання на лічбу у повсякденні ситуації', 2),
('T', 'Практикуйте вирізування та малювання щодня', 3);

-- ── Protocols: День 1 ─────────────────────────────────────────────────────
-- ST-013 (Оскар К.) was absent on day 1; no score rows are inserted for them.
INSERT INTO protocols (student_id, day, absent, recorded_at) VALUES
('ST-013', 1, true, '2024-09-01T00:00:00Z');

INSERT INTO protocols (student_id, day, absent, recorded_at) VALUES
('ST-001', 1, false, '2024-09-01T00:00:00Z'),
('ST-002', 1, false, '2024-09-01T00:00:00Z'),
('ST-003', 1, false, '2024-09-01T00:00:00Z'),
('ST-004', 1, false, '2024-09-01T00:00:00Z'),
('ST-005', 1, false, '2024-09-01T00:00:00Z'),
('ST-006', 1, false, '2024-09-01T00:00:00Z'),
('ST-007', 1, false, '2024-09-01T00:00:00Z'),
('ST-008', 1, false, '2024-09-01T00:00:00Z'),
('ST-009', 1, false, '2024-09-01T00:00:00Z'),
('ST-010', 1, false, '2024-09-01T00:00:00Z'),
('ST-011', 1, false, '2024-09-01T00:00:00Z'),
('ST-012', 1, false, '2024-09-01T00:00:00Z'),
('ST-014', 1, false, '2024-09-01T00:00:00Z'),
('ST-015', 1, false, '2024-09-01T00:00:00Z'),
('ST-016', 1, false, '2024-09-01T00:00:00Z'),
('ST-017', 1, false, '2024-09-01T00:00:00Z'),
('ST-018', 1, false, '2024-09-01T00:00:00Z'),
('ST-019', 1, false, '2024-09-01T00:00:00Z'),
('ST-020', 1, false, '2024-09-01T00:00:00Z');

-- ── Protocol scores: День 1 ───────────────────────────────────────────────
-- (student_id, skill_type, skill_code, score) joined against protocols/skills
-- by natural key so no serial IDs need to be hardcoded.
INSERT INTO protocol_scores (protocol_id, skill_id, score)
SELECT pr.id, sk.id, v.score
FROM (VALUES
  -- ST-001
  ('ST-001','M','1',1),('ST-001','M','2.2',2),('ST-001','M','3',1),('ST-001','M','6.1',1),('ST-001','M','6.2',2),('ST-001','M','6.3',1),
  ('ST-001','M','8.1',1),('ST-001','M','9.1',1),('ST-001','M','11.1',1),('ST-001','M','11.2',1),('ST-001','M','12.1',1),('ST-001','M','13',1),
  ('ST-001','T','2.1',2),('ST-001','T','2.3',3),('ST-001','T','4',1),('ST-001','T','5',1),('ST-001','T','6.4',1),('ST-001','T','7',2),
  ('ST-001','T','8.2',1),('ST-001','T','8.3',2),('ST-001','T','9.2',1),('ST-001','T','10.1',1),('ST-001','T','10.2',1),('ST-001','T','12.2',2),
  -- ST-002
  ('ST-002','M','1',1),('ST-002','M','2.2',2),('ST-002','M','3',1),('ST-002','M','6.1',2),('ST-002','M','6.2',2),('ST-002','M','6.3',1),
  ('ST-002','M','8.1',1),('ST-002','M','9.1',1),('ST-002','M','11.1',2),('ST-002','M','11.2',2),('ST-002','M','12.1',1),('ST-002','M','13',1),
  ('ST-002','T','2.1',2),('ST-002','T','2.3',3),('ST-002','T','4',2),('ST-002','T','5',2),('ST-002','T','6.4',1),('ST-002','T','7',2),
  ('ST-002','T','8.2',1),('ST-002','T','8.3',2),('ST-002','T','9.2',2),('ST-002','T','10.1',2),('ST-002','T','10.2',2),('ST-002','T','12.2',2),
  -- ST-003
  ('ST-003','M','1',3),('ST-003','M','2.2',3),('ST-003','M','3',2),('ST-003','M','6.1',3),('ST-003','M','6.2',2),('ST-003','M','6.3',2),
  ('ST-003','M','8.1',1),('ST-003','M','9.1',1),('ST-003','M','11.1',3),('ST-003','M','11.2',3),('ST-003','M','12.1',2),('ST-003','M','13',1),
  ('ST-003','T','2.1',3),('ST-003','T','2.3',3),('ST-003','T','4',3),('ST-003','T','5',3),('ST-003','T','6.4',2),('ST-003','T','7',3),
  ('ST-003','T','8.2',2),('ST-003','T','8.3',3),('ST-003','T','9.2',2),('ST-003','T','10.1',3),('ST-003','T','10.2',1),('ST-003','T','12.2',2),
  -- ST-004
  ('ST-004','M','1',2),('ST-004','M','2.2',3),('ST-004','M','3',2),('ST-004','M','6.1',3),('ST-004','M','6.2',3),('ST-004','M','6.3',2),
  ('ST-004','M','8.1',1),('ST-004','M','9.1',2),('ST-004','M','11.1',2),('ST-004','M','11.2',2),('ST-004','M','12.1',3),('ST-004','M','13',3),
  ('ST-004','T','2.1',3),('ST-004','T','2.3',3),('ST-004','T','4',3),('ST-004','T','5',3),('ST-004','T','6.4',2),('ST-004','T','7',3),
  ('ST-004','T','8.2',3),('ST-004','T','8.3',3),('ST-004','T','9.2',2),('ST-004','T','10.1',3),('ST-004','T','10.2',2),('ST-004','T','12.2',2),
  -- ST-005
  ('ST-005','M','1',2),('ST-005','M','2.2',3),('ST-005','M','3',2),('ST-005','M','6.1',2),('ST-005','M','6.2',3),('ST-005','M','6.3',3),
  ('ST-005','M','8.1',3),('ST-005','M','9.1',2),('ST-005','M','11.1',2),('ST-005','M','11.2',3),('ST-005','M','12.1',2),('ST-005','M','13',3),
  ('ST-005','T','2.1',3),('ST-005','T','2.3',3),('ST-005','T','4',2),('ST-005','T','5',3),('ST-005','T','6.4',3),('ST-005','T','7',3),
  ('ST-005','T','8.2',3),('ST-005','T','8.3',3),('ST-005','T','9.2',3),('ST-005','T','10.1',3),('ST-005','T','10.2',2),('ST-005','T','12.2',3),
  -- ST-006
  ('ST-006','M','1',1),('ST-006','M','2.2',2),('ST-006','M','3',2),('ST-006','M','6.1',3),('ST-006','M','6.2',2),('ST-006','M','6.3',1),
  ('ST-006','M','8.1',2),('ST-006','M','9.1',1),('ST-006','M','11.1',1),('ST-006','M','11.2',1),('ST-006','M','12.1',2),('ST-006','M','13',1),
  ('ST-006','T','2.1',2),('ST-006','T','2.3',3),('ST-006','T','4',3),('ST-006','T','5',2),('ST-006','T','6.4',1),('ST-006','T','7',2),
  ('ST-006','T','8.2',2),('ST-006','T','8.3',2),('ST-006','T','9.2',2),('ST-006','T','10.1',3),('ST-006','T','10.2',1),('ST-006','T','12.2',1),
  -- ST-007
  ('ST-007','M','1',3),('ST-007','M','2.2',3),('ST-007','M','3',3),('ST-007','M','6.1',3),('ST-007','M','6.2',3),('ST-007','M','6.3',2),
  ('ST-007','M','8.1',3),('ST-007','M','9.1',3),('ST-007','M','11.1',2),('ST-007','M','11.2',2),('ST-007','M','12.1',3),('ST-007','M','13',2),
  ('ST-007','T','2.1',3),('ST-007','T','2.3',3),('ST-007','T','4',3),('ST-007','T','5',3),('ST-007','T','6.4',2),('ST-007','T','7',3),
  ('ST-007','T','8.2',3),('ST-007','T','8.3',3),('ST-007','T','9.2',3),('ST-007','T','10.1',2),('ST-007','T','10.2',2),('ST-007','T','12.2',2),
  -- ST-008
  ('ST-008','M','1',2),('ST-008','M','2.2',2),('ST-008','M','3',2),('ST-008','M','6.1',3),('ST-008','M','6.2',2),('ST-008','M','6.3',3),
  ('ST-008','M','8.1',2),('ST-008','M','9.1',2),('ST-008','M','11.1',2),('ST-008','M','11.2',2),('ST-008','M','12.1',3),('ST-008','M','13',2),
  ('ST-008','T','2.1',3),('ST-008','T','2.3',3),('ST-008','T','4',3),('ST-008','T','5',3),('ST-008','T','6.4',3),('ST-008','T','7',3),
  ('ST-008','T','8.2',2),('ST-008','T','8.3',2),('ST-008','T','9.2',3),('ST-008','T','10.1',2),('ST-008','T','10.2',3),('ST-008','T','12.2',3),
  -- ST-009
  ('ST-009','M','1',3),('ST-009','M','2.2',3),('ST-009','M','3',3),('ST-009','M','6.1',3),('ST-009','M','6.2',3),('ST-009','M','6.3',2),
  ('ST-009','M','8.1',2),('ST-009','M','9.1',2),('ST-009','M','11.1',3),('ST-009','M','11.2',3),('ST-009','M','12.1',3),('ST-009','M','13',3),
  ('ST-009','T','2.1',3),('ST-009','T','2.3',3),('ST-009','T','4',3),('ST-009','T','5',3),('ST-009','T','6.4',3),('ST-009','T','7',3),
  ('ST-009','T','8.2',3),('ST-009','T','8.3',3),('ST-009','T','9.2',3),('ST-009','T','10.1',3),('ST-009','T','10.2',2),('ST-009','T','12.2',3),
  -- ST-010
  ('ST-010','M','1',3),('ST-010','M','2.2',3),('ST-010','M','3',2),('ST-010','M','6.1',3),('ST-010','M','6.2',3),('ST-010','M','6.3',2),
  ('ST-010','M','8.1',2),('ST-010','M','9.1',2),('ST-010','M','11.1',3),('ST-010','M','11.2',3),('ST-010','M','12.1',3),('ST-010','M','13',3),
  ('ST-010','T','2.1',3),('ST-010','T','2.3',3),('ST-010','T','4',3),('ST-010','T','5',3),('ST-010','T','6.4',2),('ST-010','T','7',3),
  ('ST-010','T','8.2',2),('ST-010','T','8.3',3),('ST-010','T','9.2',3),('ST-010','T','10.1',2),('ST-010','T','10.2',3),('ST-010','T','12.2',3),
  -- ST-011
  ('ST-011','M','1',2),('ST-011','M','2.2',2),('ST-011','M','3',2),('ST-011','M','6.1',2),('ST-011','M','6.2',3),('ST-011','M','6.3',2),
  ('ST-011','M','8.1',3),('ST-011','M','9.1',3),('ST-011','M','11.1',2),('ST-011','M','11.2',2),('ST-011','M','12.1',2),('ST-011','M','13',2),
  ('ST-011','T','2.1',3),('ST-011','T','2.3',3),('ST-011','T','4',3),('ST-011','T','5',3),('ST-011','T','6.4',2),('ST-011','T','7',3),
  ('ST-011','T','8.2',3),('ST-011','T','8.3',3),('ST-011','T','9.2',3),('ST-011','T','10.1',2),('ST-011','T','10.2',2),('ST-011','T','12.2',2),
  -- ST-012
  ('ST-012','M','1',1),('ST-012','M','2.2',2),('ST-012','M','3',2),('ST-012','M','6.1',2),('ST-012','M','6.2',3),('ST-012','M','6.3',1),
  ('ST-012','M','8.1',2),('ST-012','M','9.1',2),('ST-012','M','11.1',1),('ST-012','M','11.2',1),('ST-012','M','12.1',3),('ST-012','M','13',1),
  ('ST-012','T','2.1',2),('ST-012','T','2.3',3),('ST-012','T','4',2),('ST-012','T','5',2),('ST-012','T','6.4',2),('ST-012','T','7',2),
  ('ST-012','T','8.2',1),('ST-012','T','8.3',2),('ST-012','T','9.2',1),('ST-012','T','10.1',3),('ST-012','T','10.2',1),('ST-012','T','12.2',1),
  -- ST-014
  ('ST-014','M','1',3),('ST-014','M','2.2',3),('ST-014','M','3',2),('ST-014','M','6.1',2),('ST-014','M','6.2',2),('ST-014','M','6.3',2),
  ('ST-014','M','8.1',2),('ST-014','M','9.1',2),('ST-014','M','11.1',2),('ST-014','M','11.2',2),('ST-014','M','12.1',2),('ST-014','M','13',1),
  ('ST-014','T','2.1',3),('ST-014','T','2.3',3),('ST-014','T','4',3),('ST-014','T','5',2),('ST-014','T','6.4',2),('ST-014','T','7',2),
  ('ST-014','T','8.2',2),('ST-014','T','8.3',2),('ST-014','T','9.2',2),('ST-014','T','10.1',2),('ST-014','T','10.2',2),('ST-014','T','12.2',2),
  -- ST-015
  ('ST-015','M','1',2),('ST-015','M','2.2',3),('ST-015','M','3',2),('ST-015','M','6.1',2),('ST-015','M','6.2',2),('ST-015','M','6.3',2),
  ('ST-015','M','8.1',2),('ST-015','M','9.1',2),('ST-015','M','11.1',2),('ST-015','M','11.2',1),('ST-015','M','12.1',2),('ST-015','M','13',1),
  ('ST-015','T','2.1',3),('ST-015','T','2.3',3),('ST-015','T','4',3),('ST-015','T','5',2),('ST-015','T','6.4',2),('ST-015','T','7',2),
  ('ST-015','T','8.2',2),('ST-015','T','8.3',2),('ST-015','T','9.2',3),('ST-015','T','10.1',3),('ST-015','T','10.2',2),('ST-015','T','12.2',3),
  -- ST-016
  ('ST-016','M','1',1),('ST-016','M','2.2',2),('ST-016','M','3',2),('ST-016','M','6.1',2),('ST-016','M','6.2',2),('ST-016','M','6.3',1),
  ('ST-016','M','8.1',1),('ST-016','M','9.1',1),('ST-016','M','11.1',1),('ST-016','M','11.2',1),('ST-016','M','12.1',1),('ST-016','M','13',1),
  ('ST-016','T','2.1',3),('ST-016','T','2.3',3),('ST-016','T','4',3),('ST-016','T','5',2),('ST-016','T','6.4',2),('ST-016','T','7',3),
  ('ST-016','T','8.2',1),('ST-016','T','8.3',2),('ST-016','T','9.2',2),('ST-016','T','10.1',3),('ST-016','T','10.2',1),('ST-016','T','12.2',1),
  -- ST-017
  ('ST-017','M','1',3),('ST-017','M','2.2',3),('ST-017','M','3',2),('ST-017','M','6.1',3),('ST-017','M','6.2',3),('ST-017','M','6.3',3),
  ('ST-017','M','8.1',2),('ST-017','M','9.1',2),('ST-017','M','11.1',3),('ST-017','M','11.2',1),('ST-017','M','12.1',3),('ST-017','M','13',1),
  ('ST-017','T','2.1',3),('ST-017','T','2.3',3),('ST-017','T','4',3),('ST-017','T','5',3),('ST-017','T','6.4',3),('ST-017','T','7',3),
  ('ST-017','T','8.2',2),('ST-017','T','8.3',3),('ST-017','T','9.2',3),('ST-017','T','10.1',2),('ST-017','T','10.2',2),('ST-017','T','12.2',2),
  -- ST-018
  ('ST-018','M','1',3),('ST-018','M','2.2',3),('ST-018','M','3',2),('ST-018','M','6.1',3),('ST-018','M','6.2',2),('ST-018','M','6.3',2),
  ('ST-018','M','8.1',2),('ST-018','M','9.1',2),('ST-018','M','11.1',2),('ST-018','M','11.2',2),('ST-018','M','12.1',3),('ST-018','M','13',2),
  ('ST-018','T','2.1',3),('ST-018','T','2.3',3),('ST-018','T','4',3),('ST-018','T','5',2),('ST-018','T','6.4',2),('ST-018','T','7',3),
  ('ST-018','T','8.2',3),('ST-018','T','8.3',3),('ST-018','T','9.2',3),('ST-018','T','10.1',3),('ST-018','T','10.2',2),('ST-018','T','12.2',2),
  -- ST-019
  ('ST-019','M','1',2),('ST-019','M','2.2',3),('ST-019','M','3',2),('ST-019','M','6.1',2),('ST-019','M','6.2',2),('ST-019','M','6.3',1),
  ('ST-019','M','8.1',1),('ST-019','M','9.1',2),('ST-019','M','11.1',2),('ST-019','M','11.2',2),('ST-019','M','12.1',2),('ST-019','M','13',2),
  ('ST-019','T','2.1',3),('ST-019','T','2.3',3),('ST-019','T','4',3),('ST-019','T','5',3),('ST-019','T','6.4',2),('ST-019','T','7',2),
  ('ST-019','T','8.2',2),('ST-019','T','8.3',3),('ST-019','T','9.2',3),('ST-019','T','10.1',2),('ST-019','T','10.2',3),('ST-019','T','12.2',3),
  -- ST-020
  ('ST-020','M','1',2),('ST-020','M','2.2',3),('ST-020','M','3',2),('ST-020','M','6.1',3),('ST-020','M','6.2',3),('ST-020','M','6.3',2),
  ('ST-020','M','8.1',2),('ST-020','M','9.1',2),('ST-020','M','11.1',2),('ST-020','M','11.2',2),('ST-020','M','12.1',3),('ST-020','M','13',2),
  ('ST-020','T','2.1',3),('ST-020','T','2.3',3),('ST-020','T','4',3),('ST-020','T','5',3),('ST-020','T','6.4',2),('ST-020','T','7',3),
  ('ST-020','T','8.2',2),('ST-020','T','8.3',3),('ST-020','T','9.2',3),('ST-020','T','10.1',2),('ST-020','T','10.2',3),('ST-020','T','12.2',2)
) AS v(student_id, type, code, score)
JOIN protocols pr ON pr.student_id = v.student_id AND pr.day = 1
JOIN skills sk ON sk.type = v.type::skill_type AND sk.code = v.code;

-- Align the id sequence with the highest seeded student (ST-020) so the next
-- POST /api/students allocates ST-021, not a colliding id.
SELECT setval('student_id_seq', 20, true);

COMMIT;
